S,10^3 Comparisons,10^4 Comparisons,10^5 Comparisons,10^6 Comparisons,10^7 Comparisons,10^3 Time (s),10^4 Time (s),10^5 Time (s),10^6 Time (s),10^7 Time (s)
2,8721,120395,1536357,18674152,220103501,0.0033789000008255243,0.04246419999981299,0.5006104000494815,5.646576099970844,78.42228409997188
4,8771,120489,1536790,18727727,220224053,0.002692999958526343,0.03724129998590797,0.4565687000285834,5.329636299982667,74.98293609998655
6,8771,121486,1554902,18727727,221110727,0.0023545000003650784,0.03507149999495596,0.40634260000661016,5.3451061000232585,74.25689460005378
8,9171,121486,1558263,19072304,221110727,0.0026052999892272055,0.03521020000334829,0.4143227000022307,5.258816900022794,73.00615359999938
10,9171,126933,1558263,19072304,226412515,0.0023643000167794526,0.037712099961936474,0.399737500003539,5.223525700042956,72.58244490000652
12,9171,126933,1619765,19072304,226412515,0.0021154999849386513,0.03607299999566749,0.39839599997503683,5.276318100048229,72.71827579999808
14,9171,126933,1639456,19072304,226412515,0.002118899952620268,0.03226589999394491,0.48182799998903647,5.232878500013612,73.19712809997145
16,10407,126933,1639456,20221152,226412515,0.002196700021158904,0.034419699979480356,0.39906550000887364,5.333557299978565,72.8187810999807
18,10407,126933,1639456,20221152,226412515,0.002220699971076101,0.036014100012835115,0.3917972999624908,5.322042500018142,72.68129269999918
20,10407,143618,1639456,20221152,242291823,0.0023320000036619604,0.041130300029180944,0.40603999997256324,5.326088300033007,74.59572959999787
