S,Time (tun 1),Time (run 2),Time (run 3),Time (run 4),Time (run 5),Average Time
1,4.7017629999973,4.634104100001423,4.579336899998452,4.497789799999737,4.596036400002049,4.601806
2,5.836200099998678,4.226085300000705,4.164688500000921,4.165031499996985,4.240591100002348,4.526519
3,10.890996599999198,4.224539099999674,4.185485099998914,4.100152699997125,4.138899099998525,5.508015
4,10.720507199999702,3.973883200000273,4.055614199998672,3.9235636000012164,4.049131900002976,5.34454
5,10.814237300000968,4.016205600000831,4.399311700002727,3.9517054999996617,4.038165300000401,5.443925
6,6.94119999999748,3.976921699999366,4.471167200001219,3.953841400001693,4.133725100000447,4.695371
7,3.837319499998557,3.9785351999998966,4.347714100000303,3.9077189000017825,3.9890981999997166,4.012077
8,3.8451175000009243,3.8825145000009798,4.362686700002087,3.8682680999991135,3.9063759000018763,3.972993
9,3.841941400001815,3.89891969999735,4.615311400000792,3.8443375999995624,3.955296799998905,4.031161
10,3.842412999998487,3.883680599999934,4.300514700000349,3.8912767000001622,4.009753999998793,3.985528
11,3.856388000000152,3.862495499997749,3.865349600000627,3.869533400000364,4.005796699999337,3.891913
12,3.9032035999989603,3.881091399998695,3.8437260999999125,3.8804764000014984,3.9556764000008116,3.892835
13,3.897541499998624,3.888569999999163,3.848846199998661,3.838111299999582,3.9407085999991978,3.882756
14,3.98817229999986,3.9140831000004255,3.862655900000391,3.8576850999997987,3.9324116999996477,3.911002
15,3.9399995999992825,3.947631499999261,4.022035300000425,3.905673100001877,3.9805144000019936,3.959171
16,3.9441963999997824,3.971004899998661,3.8468381999991834,3.9161720000010973,3.977036099997349,3.93105
17,4.16789499999868,3.952312699999311,3.81385180000143,3.9818100000011327,3.999053700001241,3.982985
18,4.173241600001347,3.9564393000000564,3.7747973000005004,3.995166700002301,4.032394200003182,3.986408
19,3.970596499999374,3.9516213000024436,3.8320615000011458,3.9939293999996153,3.9997911999998905,3.9496
20,3.995866199999,4.03924410000036,3.8264683000015793,3.932221999999456,4.04791639999894,3.968343
21,3.944450599999982,3.966248299999279,3.808421699999599,3.9272898999988683,3.9464846000009857,3.918579
22,3.970071100000496,3.944132799999352,3.7905705999983184,3.899065300000075,3.9989574999999604,3.920559
23,3.956372200002079,4.2745094999991124,3.8598167000018293,5.100058199997875,3.9826460000003863,4.234681
24,3.9608547999996517,3.9449630999988585,3.8060375999993994,11.148781299998518,4.009330000000773,5.373993
25,3.9726993999975093,3.982885699999315,3.8203319999993255,8.758850400001393,4.005647300000419,4.908083
26,3.9543569999987085,3.961283699998603,3.858947500000795,4.2109224000014365,4.0291907000028,4.00294
27,4.0448112999984005,3.9201895000005607,4.117082999997365,7.758415000000241,4.173304999996617,4.802761
28,3.9732178000012937,3.9399692000006326,4.410707999999431,10.951308299998345,4.244276000001264,5.503896
29,3.9527239999988524,3.9674119999981485,4.060790700001235,11.274138400000083,3.973039799999242,5.445621
30,4.123802300000534,4.117430099999183,4.016993000001094,9.334608500001195,4.133991099999548,5.145365
31,4.295561399998405,4.2805372000002535,4.579945800000132,12.506604800000787,4.3279958000021,5.998129
32,4.2958951000000525,4.2622784999985015,4.239305800001603,12.351140000002488,4.321213100000023,5.893967
33,4.340184699998645,4.268325999997614,4.154984200002218,12.719432300000335,4.395925299999362,5.97577
34,4.281247099999746,4.710048000000825,4.169232100000954,10.19223879999845,4.560458299998572,5.582645
35,4.485803699997632,4.194133000000875,4.230953199999931,4.343260300000111,4.341427499999554,4.319116
36,4.565811000000394,4.189896099996986,4.12899070000276,11.295456100000592,4.335980399999244,5.703227
37,4.30606390000321,4.340155399997457,4.276541899998847,12.613568699998723,4.313450400000875,5.969956
38,4.726024999999936,4.296849500002281,4.308627499998693,12.820045599997684,8.18887999999788,6.868086
39,4.647414700000809,4.152773999998317,4.328319500000362,12.519370099998923,8.646771600000648,6.85893
40,4.347364400000515,4.224014300001727,4.308423300000868,7.928746699999465,6.764838300001429,5.514677
41,4.736317299997609,4.294208300001628,4.298779500000819,12.956816000001709,4.911825999999564,6.239589
42,4.433594099999027,4.304769700000179,4.288841100002173,11.576752200002375,4.766763499999797,5.874144
43,4.7880815000025905,4.326177399998414,4.254828400000406,4.252739300001849,4.730873699998483,4.47054
44,4.843053100001271,4.325499899998249,4.275619000000006,4.362909199997375,4.52751310000167,4.466919
45,4.7763320000012754,4.308135100000072,4.25779280000279,4.3072164000004705,4.519641200000478,4.433824
46,4.531968200000847,4.51647039999807,4.270833399998082,4.3085347000014735,4.826679199999489,4.490897
47,4.473742199999833,4.29157430000123,4.328532300001825,4.307467999999062,4.67779850000079,4.415823
48,4.628131100002065,4.319363499998872,4.2936453000002075,4.300140700001066,4.549601099999563,4.418176
49,4.868993000000046,4.2828702999977395,4.272188700000697,4.296512500000972,4.542053699999087,4.452524
50,4.675028099998599,4.342825700001413,4.268312700001843,4.3058340000025055,4.721165400002064,4.462633
51,4.706763100002718,4.285072400001809,4.316040900001099,4.288667299999361,4.79463240000041,4.478235
52,5.024274800001876,4.2950028000013845,4.299603399998887,4.287098799999512,4.745408800001314,4.530278
53,5.2944607000026735,4.29128060000221,4.240464899998187,4.400817599998845,4.767881199997646,4.598981
54,4.422612799997296,4.309254200001305,4.288833599999634,4.901536099998339,4.736876700000721,4.531823
55,4.269765900000493,4.327463499997975,4.26499750000221,4.281332599999587,4.974462099999073,4.423604
56,4.275186200000462,4.274553999999625,4.27789969999867,4.3053483000003325,4.468248799999856,4.320247
57,4.286546100000123,4.357374600000185,4.273813200001314,4.274678499998117,4.772607200000493,4.393004
58,4.270462799999223,4.341943600000377,4.276560900001641,4.270964100000128,4.6070928999979515,4.353405
59,4.282574500000919,4.326908399998501,4.264850599996862,4.253064100001211,4.507054899997456,4.32689
60,4.2662133000012545,4.286922700001014,4.2992004999978235,4.27372860000105,4.646649199999956,4.354543
61,5.126772899999196,5.144948700002715,5.127352200001042,5.130402899998444,5.652444000003015,5.236384
62,5.147127600001113,5.170546299999842,5.200621799998771,5.161864300000161,5.7698519000005035,5.290002
63,6.110672399998293,5.180329199996777,5.148921500000142,5.168381900002714,5.505774100001872,5.422816
64,7.470837600001687,5.194508500000666,5.142788900000596,5.1792279000001145,5.702556399999594,5.737984
65,5.162773399999423,5.235447800001566,5.142571299998963,5.152267199999187,5.786791300000914,5.29597
66,5.189749499997561,5.193135800000164,5.104840100000729,5.224937200000568,5.845751799999562,5.311683
67,5.148711400001048,5.241972899999382,4.993199500000628,5.177712700002303,5.828552999999374,5.27803
68,5.158201800000825,5.223943799999688,4.969910300002084,5.180326399997284,5.426703599998291,5.191817
69,5.153743900002155,5.243926099999953,5.171091600001091,5.154492500001652,5.743456899999728,5.293342
70,5.196185100001458,5.319870799998171,5.167658300000767,5.14014859999952,5.840991299999587,5.332971
71,5.150961299998016,5.209542599997803,5.184013699999923,5.211296299999958,5.561186300001282,5.2634
72,5.153903599999467,5.2273368000023765,5.127858399999241,5.164295800001128,5.390028699999675,5.212685
73,5.137041499998304,5.216685999999754,5.154615900002682,5.121423500000674,5.562454800001433,5.238444
74,5.155812400000286,5.211768699999084,5.168662300002325,5.1937453000027745,5.3266779000005045,5.211333
75,5.160281299999042,5.247250899999926,5.221510499999567,5.17070590000003,5.332431200000428,5.226436
76,5.1428995999995095,5.200747399998363,5.157876299999771,5.160086500000034,5.349725100000796,5.202267
77,5.184232700001303,5.218296099999861,5.131334700003208,5.145605099998647,5.297164700001304,5.195327
78,5.156789099997695,5.191173900002468,5.186774799996783,4.992711999999301,5.2868668000010075,5.162863
79,5.078118800000084,5.210717999998451,5.163208699999814,5.035255400001915,5.332028199998604,5.163866
80,5.216745599998831,5.2689659999996366,5.154444700001477,5.149854200000846,5.455942500000674,5.249191
81,5.051463400002831,5.281765299998369,5.128529300000082,5.158956600000238,5.307698900000105,5.185683
82,5.387373300000036,5.220578899999964,5.1418916000002355,5.148194600002171,5.175061800000549,5.21462
83,5.35299600000144,5.20667919999687,5.156665200000134,5.133726399999432,5.197118000000046,5.209437
84,5.235093900002539,5.212191299997357,5.123385299997608,5.145861600001808,5.335087700001168,5.210324
85,5.539933000000019,5.202328800001851,5.254154500002187,5.167736999999761,5.32042089999959,5.296915
86,5.209935599999881,5.215708699997776,5.185881299999892,5.132316399998672,5.339187000001402,5.216606
87,5.184476099999301,5.222981200000504,5.201070799997979,5.147244600000704,5.374363200000516,5.226027
88,5.214253599999211,5.064144899999519,5.085290399998485,5.332155399999465,5.390151899999182,5.217199
89,5.282052399998065,5.154594699997688,5.004386099997646,5.171459900000627,5.346856000000116,5.19187
90,5.239770399999543,5.237334200002806,5.202923600001668,5.200468700000783,5.299323100000038,5.235964
91,5.240490199998021,5.204196700000466,5.148734800000966,5.1464797999979055,5.231971100001829,5.194375
92,5.317533500001446,5.197376299998723,5.175328500001342,5.084396500002185,5.288225899999816,5.212572
93,5.195820599998115,5.205286299998988,5.183603299999959,5.031219899999996,5.301597400000901,5.183505
94,5.2006736000003,5.277801400003227,5.148816100001568,5.131203400000231,5.347681399998692,5.221235
95,5.216833900001802,5.210685900001408,5.158195299998624,5.129891699998552,5.352737499997602,5.213669
96,5.207214199999726,5.19831669999985,5.169751299999916,5.194427700000233,5.448057800000242,5.243554
97,5.251986299997952,5.172535000001517,5.171976300000097,5.1550395999984175,5.437081299998681,5.237724
98,5.28643060000104,5.1928636000011466,5.149775800000498,3983.6246288,5.496136899997509,800.949967
99,5.226332400001411,5.2312438000008115,5.165366600002017,7.574564499998814,5.365691300001345,5.71264
100,5.234057699999539,5.1876351999999315,5.1632284999977855,5.674367999999959,5.403439800000342,5.332546
